id	first_name	last_name	email	gender	ip_address
1	Corny	Verma	cverma0@google.es	Male	189.230.161.252
2	Carlos	Sollime	csollime1@tiny.cc	Male	237.110.72.65
3	Bond	Claesens	bclaesens2@marketwatch.com	Male	193.35.12.195
4	Nessy	Kibblewhite	nkibblewhite3@forbes.com	Female	6.248.18.60
5	Gracia	Tombleson	gtombleson4@comsenz.com	Female	162.164.204.23
6	Billie	Sonnenschein	bsonnenschein5@economist.com	Male	92.142.32.109
7	Crissie	Mayes	cmayes6@lycos.com	Female	218.147.251.186
8	Grannie	Witard	gwitard7@java.com	Male	132.172.47.171
9	Basile	Betho	bbetho8@reverbnation.com	Male	172.170.106.56
10	Rupert	Scruton	rscruton9@sogou.com	Male	142.236.211.158
11	Bev	Jain	bjaina@arstechnica.com	Female	185.65.154.140
12	Aline	Yellowley	ayellowleyb@paginegialle.it	Female	130.155.117.59
13	Eugenia	Newens	enewensc@dailymotion.com	Female	188.217.166.67
14	Chester	McIlreavy	cmcilreavyd@bravesites.com	Male	168.31.205.242
15	Wandis	Trunkfield	wtrunkfielde@ft.com	Female	153.92.165.129
16	Gertie	Hazeman	ghazemanf@sourceforge.net	Female	228.8.83.156
17	Tess	Bevans	tbevansg@nba.com	Female	29.240.48.111
18	Bevin	Ludman	bludmanh@drupal.org	Male	162.140.218.93
19	Sherwynd	Greeding	sgreedingi@ehow.com	Male	140.232.206.202
20	Bernice	Chambers	bchambersj@google.com.au	Female	161.8.192.123
21	Simeon	Shreve	sshrevek@timesonline.co.uk	Male	198.59.197.236
22	Hammad	Merrell	hmerrelll@woothemes.com	Male	169.226.28.97
23	Dallon	Kermon	dkermonm@ebay.co.uk	Male	82.224.245.108
24	Roselin	Stuffins	rstuffinsn@google.com.hk	Female	78.249.242.51
25	Phaidra	Pippin	ppippino@odnoklassniki.ru	Female	232.190.41.40
26	Belita	Alchin	balchinp@tripadvisor.com	Female	113.116.136.125
27	Octavius	Cumberbatch	ocumberbatchq@cdc.gov	Male	117.112.138.250
28	Kelcie	Leet	kleetr@naver.com	Female	250.205.251.184
29	Prudy	MacDowall	pmacdowalls@upenn.edu	Female	54.253.96.97
30	Chrotoem	Habbema	chabbemat@nyu.edu	Male	132.63.134.123
31	Storm	MacMenamie	smacmenamieu@4shared.com	Female	192.89.29.37
32	Lazarus	Richens	lrichensv@cnet.com	Male	84.241.177.217
33	Gardner	O'Hagan	gohaganw@tuttocitta.it	Male	247.29.210.23
34	Samuel	Ferryman	sferrymanx@ycombinator.com	Male	217.185.235.43
35	Thaddeus	Veracruysse	tveracruyssey@is.gd	Male	25.131.86.253
36	Luce	Stemp	lstempz@hao123.com	Female	73.138.147.50
37	Marty	Southcombe	msouthcombe10@desdev.cn	Female	22.171.234.196
38	Quinton	Muirhead	qmuirhead11@about.com	Male	6.95.203.207
39	Jeanelle	Scohier	jscohier12@infoseek.co.jp	Female	194.124.21.143
40	Farr	Haughin	fhaughin13@fema.gov	Male	96.212.253.191
41	Sheffy	Rowatt	srowatt14@hc360.com	Male	198.170.224.78
42	Annemarie	Teideman	ateideman15@dedecms.com	Female	161.82.55.118
43	Harriot	Huetson	hhuetson16@archive.org	Female	106.217.237.19
44	Tedie	Blayd	tblayd17@zimbio.com	Male	34.77.165.21
45	Evelin	Ruggen	eruggen18@mit.edu	Male	113.149.199.164
46	Winna	Esp	wesp19@deliciousdays.com	Female	184.35.16.140
47	Adair	Tunniclisse	atunniclisse1a@ask.com	Male	114.238.188.224
48	Denni	Getsham	dgetsham1b@indiegogo.com	Female	38.185.159.135
49	Harmonie	Gimson	hgimson1c@ucla.edu	Female	181.8.195.96
50	Idalia	Neles	ineles1d@gov.uk	Female	139.159.56.53
51	Shaun	Alflat	salflat1e@nyu.edu	Male	187.72.131.179
52	Selestina	Czyz	sczyz1f@timesonline.co.uk	Female	162.177.205.159
53	Hilliary	Messingham	hmessingham1g@123-reg.co.uk	Female	112.179.95.205
54	Ashlen	Fendlow	afendlow1h@geocities.com	Female	129.180.244.98
55	Zsazsa	Mallabar	zmallabar1i@yellowbook.com	Female	137.7.71.36
56	Bunny	Douthwaite	bdouthwaite1j@pagesperso-orange.fr	Female	2.194.246.34
57	Margi	Kundt	mkundt1k@nationalgeographic.com	Female	100.34.121.185
58	Sloan	Pluthero	spluthero1l@edublogs.org	Male	51.213.207.44
59	Gerome	Hynam	ghynam1m@usda.gov	Male	229.94.110.21
60	Caspar	Wickins	cwickins1n@google.ru	Male	197.44.193.52
61	Linn	Schrinel	lschrinel1o@blogs.com	Male	176.201.233.222
62	Maudie	Simmins	msimmins1p@oaic.gov.au	Female	249.184.40.38
63	Henry	Fitchell	hfitchell1q@foxnews.com	Male	11.14.62.150
64	Alfy	Silbermann	asilbermann1r@nbcnews.com	Male	3.102.82.247
65	Joanna	Jendrassik	jjendrassik1s@whitehouse.gov	Female	16.227.89.224
66	Ericka	Hoyle	ehoyle1t@apache.org	Female	3.150.245.233
67	Pepe	Mullins	pmullins1u@mit.edu	Male	155.174.91.48
68	Deva	Laingmaid	dlaingmaid1v@xinhuanet.com	Female	32.216.123.166
69	Reinwald	Coope	rcoope1w@chronoengine.com	Male	212.189.131.129
70	Mala	Baudino	mbaudino1x@wsj.com	Female	215.135.184.101
71	Halsey	Robertson	hrobertson1y@msn.com	Male	206.79.212.93
72	Velvet	Renault	vrenault1z@joomla.org	Female	192.143.69.69
73	Vinny	Rimington	vrimington20@google.fr	Male	19.59.62.11
74	Rhona	Saphir	rsaphir21@apache.org	Female	18.159.144.20
75	Denice	Lared	dlared22@about.me	Female	191.165.72.42
76	Quincy	Lauthian	qlauthian23@nps.gov	Male	151.129.229.168
77	Shaina	Sarjent	ssarjent24@businessweek.com	Female	125.130.178.53
78	Nelia	Geere	ngeere25@nhs.uk	Female	158.47.46.57
79	Christel	Raspison	craspison26@howstuffworks.com	Female	46.136.135.245
80	Teodor	Siberry	tsiberry27@irs.gov	Male	213.238.240.83
81	Arel	Belfit	abelfit28@so-net.ne.jp	Male	35.248.43.138
82	Cicily	Bradbury	cbradbury29@altervista.org	Female	182.172.121.180
83	Orlando	Condon	ocondon2a@wordpress.com	Male	204.127.109.85
84	Ransell	Bullen	rbullen2b@globo.com	Male	203.114.26.32
85	Seline	Demkowicz	sdemkowicz2c@wisc.edu	Female	232.243.7.1
86	Rakel	Vaughan	rvaughan2d@globo.com	Female	191.65.64.90
87	Krystle	Furmagier	kfurmagier2e@naver.com	Female	17.191.63.69
88	Nikolos	Gosart	ngosart2f@sourceforge.net	Male	180.150.59.122
89	Glenn	Stansell	gstansell2g@cpanel.net	Female	129.140.51.64
90	Gertrud	Yarham	gyarham2h@mail.ru	Female	251.248.145.101
91	Aylmar	Hexam	ahexam2i@bluehost.com	Male	182.195.156.100
92	D'arcy	Liquorish	dliquorish2j@github.com	Male	154.49.6.191
93	Torrin	Dawbery	tdawbery2k@netscape.com	Male	151.248.148.207
94	Emlynn	Eskrick	eeskrick2l@gov.uk	Female	72.119.214.56
95	Nydia	Baudon	nbaudon2m@indiegogo.com	Female	6.35.12.149
96	Esmaria	Pinsent	epinsent2n@webmd.com	Female	49.231.54.0
97	Jamie	Lissemore	jlissemore2o@wired.com	Male	53.37.189.182
98	Kenneth	Camel	kcamel2p@phoca.cz	Male	113.172.160.3
99	Kit	Pergens	kpergens2q@home.pl	Female	56.208.111.94
100	Claribel	Birdfield	cbirdfield2r@about.me	Female	251.129.227.189
101	Kissie	MacDonald	kmacdonald2s@google.ca	Female	37.234.149.147
102	Andras	Drayn	adrayn2t@berkeley.edu	Male	116.62.176.25
103	Dennison	Reaper	dreaper2u@sfgate.com	Male	191.86.214.24
104	Jeana	Capner	jcapner2v@yellowpages.com	Female	118.252.161.55
105	Zarla	Cozins	zcozins2w@mediafire.com	Female	181.73.168.135
106	Annetta	Cheyenne	acheyenne2x@elegantthemes.com	Female	132.215.226.199
107	Virgie	Dobsons	vdobsons2y@nba.com	Male	47.236.84.25
108	Aluin	Bettles	abettles2z@sbwire.com	Male	249.142.33.90
109	Graehme	Timblett	gtimblett30@biblegateway.com	Male	23.99.195.144
110	Lurline	Owain	lowain31@wordpress.com	Female	222.9.39.71
111	Frederik	Bowen	fbowen32@go.com	Male	179.217.54.253
112	Reggie	Clorley	rclorley33@dot.gov	Male	25.194.49.77
113	Isabelle	Tiron	itiron34@skyrock.com	Female	180.158.193.181
114	Teddy	Fearnsides	tfearnsides35@themeforest.net	Male	1.52.13.52
115	Forster	Kingsnorth	fkingsnorth36@elegantthemes.com	Male	171.89.185.53
116	Melva	Jurewicz	mjurewicz37@exblog.jp	Female	78.67.47.152
117	Vachel	Ackrill	vackrill38@bbc.co.uk	Male	202.242.188.200
118	Ilario	Wythill	iwythill39@guardian.co.uk	Male	174.32.206.104
119	Dalli	Murr	dmurr3a@state.gov	Male	210.208.137.16
120	Aube	Rooson	arooson3b@photobucket.com	Male	255.183.63.44
121	Patrizia	Stanman	pstanman3c@seattletimes.com	Female	5.141.255.108
122	Dorey	Vost	dvost3d@fda.gov	Female	221.230.155.62
123	Bryon	Fell	bfell3e@cnbc.com	Male	116.181.114.222
124	Si	Rennison	srennison3f@cpanel.net	Male	21.160.89.251
125	Raye	Regis	rregis3g@fotki.com	Female	253.95.49.160
126	Cale	Cranch	ccranch3h@freewebs.com	Male	8.155.232.125
127	Mervin	Kettow	mkettow3i@hp.com	Male	222.95.205.53
128	Cassy	Bern	cbern3j@cyberchimps.com	Female	189.10.63.235
129	Yulma	Szymonowicz	yszymonowicz3k@indiegogo.com	Male	117.199.30.80
130	Karney	Jubert	kjubert3l@dion.ne.jp	Male	227.67.34.108
131	Sunny	Griswood	sgriswood3m@google.de	Male	168.227.232.165
132	Cale	MacKinnon	cmackinnon3n@adobe.com	Male	51.49.229.189
133	Paulina	Persicke	ppersicke3o@theguardian.com	Female	157.2.206.237
134	Simmonds	Corteis	scorteis3p@state.gov	Male	22.13.105.143
135	Emmie	Allabush	eallabush3q@w3.org	Female	171.27.178.160
136	Hildegarde	Drane	hdrane3r@seattletimes.com	Female	128.93.45.139
137	Ky	Tie	ktie3s@nbcnews.com	Male	187.31.22.229
138	Perri	Billanie	pbillanie3t@wiley.com	Female	3.169.190.140
139	Merridie	Birt	mbirt3u@reddit.com	Female	176.140.3.183
140	Michale	Danes	mdanes3v@pen.io	Male	250.96.85.51
141	Shell	Gecke	sgecke3w@toplist.cz	Male	79.214.43.156
142	Jeremiah	Grayley	jgrayley3x@w3.org	Male	251.208.131.28
143	Royall	Feaveryear	rfeaveryear3y@infoseek.co.jp	Male	90.95.234.68
144	Bald	Rosencwaig	brosencwaig3z@flickr.com	Male	36.188.191.162
145	Agosto	Tilliards	atilliards40@cmu.edu	Male	237.64.147.126
146	Amanda	Wallbrook	awallbrook41@mlb.com	Female	160.40.129.179
147	Vinny	Apfel	vapfel42@smugmug.com	Male	18.122.62.189
148	Fedora	Sanderson	fsanderson43@i2i.jp	Female	154.183.49.144
149	Aleta	Rizzardi	arizzardi44@vistaprint.com	Female	239.121.128.53
150	Kym	Gherarducci	kgherarducci45@hugedomains.com	Female	109.184.233.84
151	Reiko	Curragh	rcurragh46@ameblo.jp	Female	251.98.105.12
152	Buck	Klaves	bklaves47@ucoz.com	Male	145.10.251.2
153	Brandice	Gosneye	bgosneye48@ibm.com	Female	174.104.62.83
154	Kakalina	Tims	ktims49@va.gov	Female	82.40.79.73
155	Brittney	Muslim	bmuslim4a@digg.com	Female	161.113.79.142
156	Reade	Meers	rmeers4b@phpbb.com	Male	35.105.4.240
157	Eli	Colicot	ecolicot4c@woothemes.com	Male	87.22.229.155
158	Fernande	Capsey	fcapsey4d@xrea.com	Female	251.185.176.115
159	Leodora	Shearwood	lshearwood4e@mac.com	Female	51.108.226.88
160	Kylynn	Rozier	krozier4f@youtu.be	Female	242.218.135.19
161	Arman	Oliveti	aoliveti4g@cloudflare.com	Male	54.183.244.208
162	Alis	Stannis	astannis4h@irs.gov	Female	30.208.108.62
163	Orren	Crabtree	ocrabtree4i@studiopress.com	Male	178.118.195.248
164	Margaretta	Grimstead	mgrimstead4j@sphinn.com	Female	80.238.194.94
165	Nonnah	Sifflett	nsifflett4k@google.com.au	Female	224.39.0.123
166	Izak	McGifford	imcgifford4l@senate.gov	Male	227.144.129.101
167	Hildagarde	Noseworthy	hnoseworthy4m@phoca.cz	Female	176.221.87.94
168	Lari	Kohen	lkohen4n@devhub.com	Female	14.189.253.206
169	Allegra	Greening	agreening4o@mapquest.com	Female	2.12.29.14
170	Jean	Ivett	jivett4p@nhs.uk	Female	103.28.100.91
171	Falito	Lowrie	flowrie4q@webmd.com	Male	28.4.50.56
172	Kylie	Koomar	kkoomar4r@imdb.com	Female	206.153.245.84
173	Elora	Brindle	ebrindle4s@nature.com	Female	211.72.154.226
174	Hewitt	Burt	hburt4t@vk.com	Male	130.119.6.70
175	Nadya	Smickle	nsmickle4u@reuters.com	Female	35.212.114.217
176	Leonhard	Le Grys	llegrys4v@si.edu	Male	167.116.4.245
177	Urbain	Percifull	upercifull4w@mayoclinic.com	Male	96.215.164.90
178	Benson	Juden	bjuden4x@goodreads.com	Male	239.153.220.165
179	Ira	Mulvin	imulvin4y@blinklist.com	Male	162.197.129.213
180	Saxe	Borsi	sborsi4z@intel.com	Male	168.215.30.150
181	Ritchie	Greenlees	rgreenlees50@slashdot.org	Male	225.56.167.217
182	Roxane	Cuberley	rcuberley51@biblegateway.com	Female	71.162.82.116
183	Tedmund	Renny	trenny52@narod.ru	Male	110.93.162.152
184	Guillermo	Connell	gconnell53@chronoengine.com	Male	105.106.37.43
185	Quinton	Burrell	qburrell54@livejournal.com	Male	70.60.55.137
186	Josey	Ferrai	jferrai55@prnewswire.com	Female	74.64.157.167
187	Kylila	Takis	ktakis56@angelfire.com	Female	207.236.44.133
188	Grayce	Tattershall	gtattershall57@digg.com	Female	185.147.233.87
189	Seymour	Gidney	sgidney58@jugem.jp	Male	41.129.125.151
190	Barret	Haggidon	bhaggidon59@umn.edu	Male	213.211.10.138
191	Luis	Creboe	lcreboe5a@themeforest.net	Male	250.132.195.45
192	Crosby	Kelledy	ckelledy5b@bigcartel.com	Male	0.240.192.230
193	Shirleen	Bastin	sbastin5c@e-recht24.de	Female	106.169.178.163
194	Pearla	Romanelli	promanelli5d@meetup.com	Female	229.130.213.74
195	Muffin	Seely	mseely5e@noaa.gov	Female	88.92.58.82
196	Laurence	Larwell	llarwell5f@nsw.gov.au	Male	61.110.124.166
197	Odele	McReynolds	omcreynolds5g@prlog.org	Female	106.109.119.212
198	Dalton	O'Flaherty	doflaherty5h@51.la	Male	183.102.130.194
199	Cristal	Rymer	crymer5i@macromedia.com	Female	234.211.10.138
200	Mose	Arlet	marlet5j@dailymail.co.uk	Male	144.209.61.148
201	Roderich	Reade	rreade5k@seesaa.net	Male	108.119.214.109
202	Burton	Zavittieri	bzavittieri5l@ucsd.edu	Male	240.72.169.238
203	Thibaut	Baynard	tbaynard5m@europa.eu	Male	253.174.24.252
204	Dierdre	Elman	delman5n@yelp.com	Female	39.228.31.107
205	Linoel	Yves	lyves5o@wiley.com	Male	86.236.99.141
206	Sharleen	Braidon	sbraidon5p@theatlantic.com	Female	86.57.123.162
207	Casie	Agglione	cagglione5q@intel.com	Female	43.141.131.68
208	Shurlock	Udell	sudell5r@dyndns.org	Male	114.112.65.92
209	Xylina	Grabiec	xgrabiec5s@multiply.com	Female	127.210.253.229
210	Donny	Hendrich	dhendrich5t@huffingtonpost.com	Male	214.90.225.146
211	Rip	Rennox	rrennox5u@unblog.fr	Male	184.53.52.118
212	Latrena	Capelle	lcapelle5v@nba.com	Female	199.217.75.118
213	Holly-anne	Batalle	hbatalle5w@google.fr	Female	251.113.79.73
214	Brander	Brisard	bbrisard5x@gnu.org	Male	33.99.138.53
215	Alexandre	Bosden	abosden5y@buzzfeed.com	Male	134.14.173.85
216	Sherie	Raubenheimer	sraubenheimer5z@ask.com	Female	163.235.184.94
217	Cloe	Reddick	creddick60@ameblo.jp	Female	183.212.19.162
218	Nero	Angear	nangear61@hud.gov	Male	99.86.164.192
219	Alexandros	Kybert	akybert62@typepad.com	Male	165.176.122.17
220	Dennet	McKnish	dmcknish63@census.gov	Male	114.139.128.6
221	Petrina	Cranston	pcranston64@wisc.edu	Female	179.152.245.147
222	Ola	Braddick	obraddick65@buzzfeed.com	Female	89.37.8.34
223	Carie	De Gregario	cdegregario66@tinypic.com	Female	122.156.109.240
224	Jule	Seager	jseager67@sakura.ne.jp	Male	209.146.253.112
225	Magnum	Teape	mteape68@icq.com	Male	213.18.140.148
226	Simone	Goudman	sgoudman69@mashable.com	Female	69.93.175.188
227	Audrye	Gartshore	agartshore6a@addtoany.com	Female	220.40.15.153
228	Yardley	Leitch	yleitch6b@xinhuanet.com	Male	103.142.100.36
229	Dalenna	Lathleiffure	dlathleiffure6c@usgs.gov	Female	179.168.131.52
230	Artus	Nuccii	anuccii6d@gov.uk	Male	161.41.11.1
231	Roz	Plenderleith	rplenderleith6e@livejournal.com	Female	62.218.75.129
232	Rodie	Badgers	rbadgers6f@google.ca	Female	97.185.91.109
233	Marcie	Longbone	mlongbone6g@delicious.com	Female	115.6.243.251
234	Durand	Janecek	djanecek6h@myspace.com	Male	77.56.74.204
235	Shandra	Schiell	sschiell6i@theglobeandmail.com	Female	150.60.227.113
236	Emmey	Screaton	escreaton6j@mysql.com	Female	148.50.95.187
237	Burlie	Blackaby	bblackaby6k@discovery.com	Male	5.129.97.88
238	Patric	Shilburne	pshilburne6l@berkeley.edu	Male	148.101.143.153
239	Bobbie	Jackman	bjackman6m@craigslist.org	Male	11.186.182.219
240	Otho	Carlos	ocarlos6n@xrea.com	Male	218.47.18.66
241	Bertha	McCuffie	bmccuffie6o@list-manage.com	Female	115.102.171.9
242	Perren	Ratnage	pratnage6p@psu.edu	Male	76.183.221.34
243	Johanna	Boggs	jboggs6q@quantcast.com	Female	148.201.190.155
244	Martainn	Pendrich	mpendrich6r@adobe.com	Male	53.123.240.169
245	Noami	Hovard	nhovard6s@msn.com	Female	159.19.132.124
246	Julius	Dagwell	jdagwell6t@intel.com	Male	193.137.161.75
247	Beth	Buffey	bbuffey6u@privacy.gov.au	Female	175.45.13.187
248	Cristal	Hatchell	chatchell6v@usatoday.com	Female	157.46.107.10
249	Celestina	Pettiford	cpettiford6w@blinklist.com	Female	252.152.160.34
250	Eirena	Oluwatoyin	eoluwatoyin6x@zdnet.com	Female	79.28.146.64
251	Colline	Maffeo	cmaffeo6y@so-net.ne.jp	Female	59.178.99.10
252	Brigida	Selwood	bselwood6z@mtv.com	Female	142.141.97.222
253	Gradey	Heathorn	gheathorn70@sogou.com	Male	244.2.248.30
254	Court	Maides	cmaides71@illinois.edu	Male	77.88.34.83
255	Marcel	Cullington	mcullington72@digg.com	Male	24.5.136.153
256	Karalee	Whyteman	kwhyteman73@amazon.co.uk	Female	210.67.107.228
257	Ernst	Ruttgers	eruttgers74@phoca.cz	Male	99.3.99.249
258	Flore	Perschke	fperschke75@si.edu	Female	216.8.133.45
259	Geoffry	Etchingham	getchingham76@loc.gov	Male	216.171.205.244
260	Gale	Broe	gbroe77@yellowbook.com	Female	237.184.64.194
261	Dominica	Stamper	dstamper78@spotify.com	Female	75.91.68.27
262	Molly	Verrall	mverrall79@behance.net	Female	97.120.102.36
263	Melitta	Garnsworth	mgarnsworth7a@live.com	Female	163.206.49.242
264	Bar	Bramsen	bbramsen7b@vimeo.com	Male	16.224.6.97
265	Orville	Davidow	odavidow7c@theguardian.com	Male	51.188.122.23
266	Tomaso	Bartolomieu	tbartolomieu7d@ehow.com	Male	235.95.208.234
267	Starla	Flaubert	sflaubert7e@people.com.cn	Female	32.90.86.14
268	Dimitry	Whitemarsh	dwhitemarsh7f@histats.com	Male	180.23.37.110
269	Peter	Gregson	pgregson7g@flickr.com	Male	216.103.123.227
270	Pasquale	Coatman	pcoatman7h@bravesites.com	Male	224.182.209.230
271	Cedric	Kleinfeld	ckleinfeld7i@usda.gov	Male	115.71.216.234
272	Skippie	Pretsell	spretsell7j@wired.com	Male	170.122.105.91
273	Myer	Krysztowczyk	mkrysztowczyk7k@geocities.jp	Male	77.84.177.203
274	Colet	Leggitt	cleggitt7l@spiegel.de	Male	46.21.244.187
275	Evvy	Baude	ebaude7m@weibo.com	Female	145.24.168.224
276	Lemuel	Platts	lplatts7n@who.int	Male	111.60.188.62
277	Brynne	Tavinor	btavinor7o@imdb.com	Female	89.155.166.85
278	Regan	Tidcombe	rtidcombe7p@eventbrite.com	Female	158.18.248.119
279	Marthena	Grigolashvill	mgrigolashvill7q@prweb.com	Female	87.72.231.236
280	Jackie	Baldin	jbaldin7r@usda.gov	Male	50.100.77.11
281	Elianora	Arpin	earpin7s@scientificamerican.com	Female	176.242.117.179
282	Berkeley	Dunston	bdunston7t@google.co.uk	Male	58.156.148.183
283	Jaimie	Waggatt	jwaggatt7u@free.fr	Male	217.138.3.204
284	Kevon	Meugens	kmeugens7v@forbes.com	Male	92.176.85.105
285	Kalie	Le Fevre	klefevre7w@prlog.org	Female	94.25.49.215
286	Cary	Dolby	cdolby7x@bravesites.com	Female	236.193.222.152
287	Wit	Zecchinelli	wzecchinelli7y@washingtonpost.com	Male	213.222.133.140
288	Aloysius	Woolen	awoolen7z@stumbleupon.com	Male	252.0.141.99
289	Salim	Brunelleschi	sbrunelleschi80@arizona.edu	Male	153.151.46.153
290	Revkah	Mathou	rmathou81@usgs.gov	Female	187.115.85.138
291	Fabio	Perello	fperello82@lycos.com	Male	152.186.81.100
292	Rooney	Mathewes	rmathewes83@sciencedirect.com	Male	89.128.178.237
293	Lenora	Woodham	lwoodham84@google.com.hk	Female	172.220.228.209
294	Leonhard	MacKeeg	lmackeeg85@1und1.de	Male	32.201.75.50
295	Andrus	Tregona	atregona86@xrea.com	Male	120.55.199.48
296	Kipp	Emmens	kemmens87@shareasale.com	Male	204.127.91.91
297	Maighdiln	Ayce	mayce88@taobao.com	Female	14.145.142.241
298	Benedicto	Shawyers	bshawyers89@livejournal.com	Male	181.185.12.71
299	Lorena	Sutch	lsutch8a@ftc.gov	Female	61.95.137.157
300	Thedrick	di Rocca	tdirocca8b@oaic.gov.au	Male	214.245.136.150
301	Maje	Merrgen	mmerrgen8c@ning.com	Male	196.42.231.142
302	Jeanne	Ingleston	jingleston8d@vk.com	Female	167.165.96.82
303	Amie	Pegram	apegram8e@angelfire.com	Female	161.38.146.236
304	Jo	Doag	jdoag8f@wufoo.com	Female	255.156.116.103
305	Frannie	Sterrie	fsterrie8g@ftc.gov	Male	41.51.86.223
306	Adella	Hewkin	ahewkin8h@t-online.de	Female	19.254.255.56
307	Correy	Tomaszewski	ctomaszewski8i@xrea.com	Male	222.71.81.162
308	Creigh	Dyzart	cdyzart8j@ycombinator.com	Male	199.196.125.163
309	Melli	Coulson	mcoulson8k@ifeng.com	Female	30.196.55.40
310	Ashely	Iredale	airedale8l@gnu.org	Female	168.177.3.94
311	Tiena	Lening	tlening8m@instagram.com	Female	170.245.47.3
312	Natal	Gabbitus	ngabbitus8n@pen.io	Male	73.7.22.171
313	Wright	Spybey	wspybey8o@xinhuanet.com	Male	223.12.117.236
314	Gloriane	Oxer	goxer8p@uol.com.br	Female	235.13.186.89
315	Kirsti	Benny	kbenny8q@altervista.org	Female	250.224.216.55
316	Benny	Jahnke	bjahnke8r@typepad.com	Female	105.54.107.21
317	Rufus	Abilowitz	rabilowitz8s@github.io	Male	219.111.222.34
318	Justino	Mellem	jmellem8t@amazon.co.uk	Male	67.115.48.143
319	Sibeal	Bezants	sbezants8u@nifty.com	Female	142.172.137.212
320	Toby	Moralas	tmoralas8v@wunderground.com	Male	246.221.186.164
321	Sheena	Veighey	sveighey8w@artisteer.com	Female	145.126.109.82
322	Travers	Beston	tbeston8x@google.it	Male	216.112.136.251
323	Casi	Trevarthen	ctrevarthen8y@sciencedaily.com	Female	164.137.19.33
324	Felice	Ashburner	fashburner8z@myspace.com	Male	228.213.66.171
325	Gibby	Medlen	gmedlen90@webs.com	Male	253.228.205.175
326	Julee	Colloby	jcolloby91@hhs.gov	Female	160.252.103.102
327	Gan	Wickett	gwickett92@jiathis.com	Male	47.139.23.130
328	Aldus	Bowman	abowman93@theglobeandmail.com	Male	135.225.92.53
329	Kesley	Coltart	kcoltart94@thetimes.co.uk	Female	235.102.213.77
330	Paule	Stobie	pstobie95@myspace.com	Female	18.89.106.43
331	Fonzie	Filinkov	ffilinkov96@goodreads.com	Male	62.48.5.169
332	Pavla	Bettenay	pbettenay97@php.net	Female	208.93.238.53
333	Dorette	Gummory	dgummory98@psu.edu	Female	157.222.10.137
334	Shaughn	Congreve	scongreve99@amazon.com	Male	223.144.54.11
335	Lalo	Veale	lveale9a@t-online.de	Male	27.37.44.222
336	Lucina	Carrell	lcarrell9b@cocolog-nifty.com	Female	162.7.232.158
337	Ursulina	Perot	uperot9c@squarespace.com	Female	195.27.242.16
338	Hammad	Kehri	hkehri9d@ucla.edu	Male	27.184.55.2
339	Ashien	Breede	abreede9e@goodreads.com	Female	246.170.109.236
340	Rania	Elloit	relloit9f@netscape.com	Female	153.109.220.110
341	Dorian	Davenport	ddavenport9g@t-online.de	Male	13.100.124.144
342	Alvy	Woolward	awoolward9h@ifeng.com	Male	29.151.103.104
343	Mathe	Tansly	mtansly9i@mlb.com	Male	34.10.148.152
344	Vida	Eccleston	veccleston9j@vkontakte.ru	Female	82.194.183.159
345	Bren	Dreng	bdreng9k@cbslocal.com	Female	91.169.206.105
346	Viv	Tambling	vtambling9l@delicious.com	Female	181.233.103.206
347	Drud	Abercromby	dabercromby9m@tinyurl.com	Male	152.231.86.91
348	Lainey	Durtnal	ldurtnal9n@miibeian.gov.cn	Female	75.206.114.50
349	Gabby	Crimp	gcrimp9o@purevolume.com	Male	113.28.111.213
350	Enrique	Chartres	echartres9p@tuttocitta.it	Male	216.125.231.129
351	Shelby	Sarvar	ssarvar9q@yolasite.com	Female	111.213.254.192
352	Kandace	Bene	kbene9r@scribd.com	Female	50.37.193.237
353	Luelle	Bowsher	lbowsher9s@buzzfeed.com	Female	139.162.13.162
354	Madalyn	Commin	mcommin9t@shareasale.com	Female	178.63.99.151
355	Jock	Kleinbaum	jkleinbaum9u@eventbrite.com	Male	0.55.205.194
356	Gabbie	Sherwood	gsherwood9v@rediff.com	Male	80.103.149.35
357	Boyd	Gravell	bgravell9w@biglobe.ne.jp	Male	183.141.210.182
358	Evonne	Widdows	ewiddows9x@kickstarter.com	Female	196.4.238.206
359	Cesaro	Fischer	cfischer9y@1und1.de	Male	228.89.233.230
360	Gerladina	Ainsley	gainsley9z@forbes.com	Female	33.233.69.225
361	Ase	Feavearyear	afeavearyeara0@plala.or.jp	Male	21.14.29.44
362	Lisette	Armin	larmina1@constantcontact.com	Female	159.103.225.88
363	Abbey	McCafferty	amccaffertya2@princeton.edu	Female	94.83.157.46
364	Neddie	Colquit	ncolquita3@cpanel.net	Male	240.106.1.121
365	Clem	Elger	celgera4@godaddy.com	Male	122.113.157.231
366	Sigfried	Plan	splana5@cloudflare.com	Male	172.164.73.121
367	Alford	Erdis	aerdisa6@disqus.com	Male	237.53.228.50
368	Meg	Keene	mkeenea7@spiegel.de	Female	187.41.187.170
369	Larina	Hevey	lheveya8@example.com	Female	205.37.152.172
370	Leroy	Burkert	lburkerta9@gmpg.org	Male	210.63.230.93
371	Omero	Dittson	odittsonaa@uol.com.br	Male	14.79.179.223
372	Rosa	Trussler	rtrusslerab@google.com.hk	Female	183.19.111.20
373	Janean	Parsall	jparsallac@reverbnation.com	Female	165.235.125.61
374	Arnold	Claypole	aclaypolead@prweb.com	Male	2.78.223.165
375	Rosalynd	Wentworth	rwentworthae@miibeian.gov.cn	Female	248.191.199.243
376	Cordey	Donson	cdonsonaf@dyndns.org	Female	27.165.87.44
377	Rance	Wooffinden	rwooffindenag@ca.gov	Male	44.168.114.102
378	Kelly	Bignall	kbignallah@bing.com	Female	237.70.86.220
379	Carlynn	Djekic	cdjekicai@nytimes.com	Female	95.69.178.187
380	Evered	Paddison	epaddisonaj@acquirethisname.com	Male	7.252.209.218
381	Mercy	Lodin	mlodinak@usgs.gov	Female	141.115.126.4
382	Elihu	Sandels	esandelsal@wix.com	Male	39.134.83.180
383	Cart	Deesly	cdeeslyam@admin.ch	Male	251.84.17.222
384	Raquela	Carlton	rcarltonan@usda.gov	Female	235.134.223.137
385	Graig	Turfrey	gturfreyao@godaddy.com	Male	48.144.114.161
386	Chery	Grassett	cgrassettap@hubpages.com	Female	173.199.8.20
387	Bernarr	Bloodworth	bbloodworthaq@tamu.edu	Male	25.163.16.38
388	Conway	Trowell	ctrowellar@home.pl	Male	199.252.195.215
389	Penelopa	Van den Velden	pvandenveldenas@sun.com	Female	22.57.198.156
390	Rodi	Bridat	rbridatat@g.co	Female	172.117.199.118
391	Arlina	Boreland	aborelandau@deviantart.com	Female	248.113.167.9
392	Tricia	Fearne	tfearneav@phpbb.com	Female	116.62.232.130
393	June	Coggell	jcoggellaw@globo.com	Female	110.210.187.118
394	Cris	Boulsher	cboulsherax@msu.edu	Male	76.9.199.204
395	Augustin	Whilder	awhilderay@walmart.com	Male	180.49.172.233
396	Bren	Kunz	bkunzaz@dmoz.org	Male	115.98.87.53
397	Archibaldo	Rosetti	arosettib0@paypal.com	Male	169.228.187.234
398	See	Tankus	stankusb1@4shared.com	Male	172.75.227.81
399	Licha	Orans	loransb2@sakura.ne.jp	Female	27.198.110.74
400	Tybie	Jacob	tjacobb3@home.pl	Female	183.36.117.94
401	Tim	Loch	tlochb4@weather.com	Male	48.19.249.74
402	Marlie	Bordes	mbordesb5@dell.com	Female	10.64.178.113
403	Winn	Coils	wcoilsb6@canalblog.com	Male	135.45.31.177
404	Barris	Groundwater	bgroundwaterb7@google.it	Male	201.182.160.173
405	Adelle	Valadez	avaladezb8@cocolog-nifty.com	Female	223.47.98.167
406	Dewain	Dodworth	ddodworthb9@artisteer.com	Male	214.57.10.193
407	Putnem	Tarte	ptarteba@cnet.com	Male	129.141.51.227
408	Dahlia	Weth	dwethbb@washingtonpost.com	Female	151.79.184.140
409	Odilia	Beeby	obeebybc@icq.com	Female	71.186.6.8
410	Sonni	Orr	sorrbd@ustream.tv	Female	162.28.121.34
411	Michaela	Rees	mreesbe@github.io	Female	49.181.153.182
412	Mikkel	Redbourn	mredbournbf@kickstarter.com	Male	235.57.150.196
413	Blaire	Edgson	bedgsonbg@oaic.gov.au	Female	244.182.168.116
414	Jerrie	Steuhlmeyer	jsteuhlmeyerbh@blinklist.com	Male	46.25.203.181
415	Shayne	Attew	sattewbi@tamu.edu	Female	65.155.197.153
416	Ad	Bavin	abavinbj@gmpg.org	Male	228.245.14.122
417	Kayla	Karpov	kkarpovbk@nsw.gov.au	Female	58.123.42.24
418	Clive	Soeiro	csoeirobl@washington.edu	Male	89.56.87.79
419	Delores	Mollindinia	dmollindiniabm@51.la	Female	1.114.124.236
420	Tybie	Tumulty	ttumultybn@canalblog.com	Female	228.55.136.15
421	Lacee	Dimberline	ldimberlinebo@bing.com	Female	108.72.141.215
422	Elliot	Udell	eudellbp@elegantthemes.com	Male	59.142.162.3
423	Ermengarde	Minogue	eminoguebq@unblog.fr	Female	132.38.190.51
424	Reinaldos	Grimwood	rgrimwoodbr@g.co	Male	106.155.108.121
425	Zollie	Etchingham	zetchinghambs@gmpg.org	Male	28.196.248.128
426	Abbie	Riatt	ariattbt@acquirethisname.com	Male	175.102.123.205
427	Dena	Dedon	ddedonbu@ovh.net	Female	214.63.14.29
428	Westley	Hastelow	whastelowbv@japanpost.jp	Male	101.73.136.216
429	Theo	Tammadge	ttammadgebw@psu.edu	Male	216.168.29.47
430	Leonid	Fromont	lfromontbx@godaddy.com	Male	51.145.143.63
431	Mora	Hasser	mhasserby@nydailynews.com	Female	217.154.241.224
432	Travers	Friman	tfrimanbz@cnet.com	Male	43.40.66.134
433	Annalise	Renault	arenaultc0@mit.edu	Female	164.158.79.140
434	Ragnar	Goodisson	rgoodissonc1@techcrunch.com	Male	89.149.145.234
435	Cyrill	Clutterham	cclutterhamc2@wisc.edu	Male	223.211.98.62
436	Colet	Yoell	cyoellc3@cnet.com	Male	75.19.251.249
437	Vaughan	Tilbey	vtilbeyc4@intel.com	Male	52.135.156.23
438	Timmie	Seres	tseresc5@psu.edu	Male	38.81.205.70
439	Harland	Maccrae	hmaccraec6@apache.org	Male	151.234.91.195
440	Reggie	Barthrop	rbarthropc7@ted.com	Female	243.73.189.238
441	Clemmy	Genner	cgennerc8@xrea.com	Male	63.100.46.246
442	Bartlet	Parslow	bparslowc9@spotify.com	Male	237.3.228.63
443	Batholomew	Strodder	bstrodderca@vimeo.com	Male	52.219.153.225
444	Jeffy	Lanegran	jlanegrancb@seattletimes.com	Male	159.191.1.190
445	Louisa	Lowthorpe	llowthorpecc@wordpress.com	Female	137.120.21.105
446	Troy	Poulett	tpoulettcd@fotki.com	Male	18.53.173.87
447	Gus	Collet	gcolletce@ucsd.edu	Female	125.52.232.118
448	Phebe	Neggrini	pneggrinicf@alibaba.com	Female	255.211.23.250
449	Vince	Jennemann	vjennemanncg@spiegel.de	Male	7.110.48.31
450	Lombard	Charter	lcharterch@google.it	Male	230.169.248.42
451	Chilton	Rushford	crushfordci@indiatimes.com	Male	22.111.12.1
452	Lynnea	Strathman	lstrathmancj@ox.ac.uk	Female	145.106.8.219
453	Conney	Woodger	cwoodgerck@sogou.com	Male	202.50.234.165
454	Dillon	Benkhe	dbenkhecl@businesswire.com	Male	63.42.100.58
455	Gib	Gofforth	ggofforthcm@techcrunch.com	Male	199.100.189.78
456	Vivia	Kensington	vkensingtoncn@diigo.com	Female	63.162.75.49
457	Zonnya	Pointer	zpointerco@biblegateway.com	Female	191.13.94.188
458	Marshall	Cremins	mcreminscp@e-recht24.de	Male	217.15.109.244
459	Cori	Swanwick	cswanwickcq@slashdot.org	Male	231.208.53.227
460	Isadore	Gillam	igillamcr@nba.com	Male	115.58.142.166
461	Ingamar	Bleesing	ibleesingcs@mayoclinic.com	Male	217.168.132.199
462	Nesta	Faas	nfaasct@sun.com	Female	181.158.88.9
463	Benyamin	Irlam	birlamcu@reuters.com	Male	57.87.124.50
464	Griffith	Bondy	gbondycv@facebook.com	Male	235.181.26.124
465	Dorothea	Tansly	dtanslycw@cocolog-nifty.com	Female	251.123.117.255
466	Egon	Stutte	estuttecx@salon.com	Male	184.203.107.134
467	Davita	Isacke	disackecy@ed.gov	Female	22.214.197.49
468	Newton	Hollyman	nhollymancz@unc.edu	Male	184.12.50.84
469	Jessi	Massie	jmassied0@nih.gov	Female	134.54.176.93
470	Aundrea	FitzGilbert	afitzgilbertd1@amazon.co.uk	Female	148.138.225.22
471	Agneta	Sullivan	asullivand2@plala.or.jp	Female	31.186.186.252
472	Archie	Tate	atated3@sphinn.com	Male	254.22.192.143
473	Matthew	Puttick	mputtickd4@xrea.com	Male	30.28.29.3
474	Ursola	Daviot	udaviotd5@acquirethisname.com	Female	239.187.51.193
475	Sella	Dumphry	sdumphryd6@vistaprint.com	Female	21.100.36.252
476	Willdon	Charlson	wcharlsond7@chron.com	Male	211.196.31.109
477	Bradly	Vigours	bvigoursd8@wordpress.org	Male	68.64.65.98
478	Augy	Shearman	ashearmand9@blinklist.com	Male	210.40.52.239
479	Bride	Gremain	bgremainda@cafepress.com	Female	90.148.37.246
480	Sophia	King	skingdb@last.fm	Female	254.64.87.120
481	Penny	Rusbridge	prusbridgedc@hugedomains.com	Female	34.136.203.85
482	Melisse	Stihl	mstihldd@ucla.edu	Female	96.61.202.219
483	Ximenez	Bramelt	xbrameltde@simplemachines.org	Male	237.164.179.153
484	Melissa	Jorcke	mjorckedf@loc.gov	Female	122.5.187.233
485	Emlynn	Sanbrooke	esanbrookedg@rambler.ru	Female	74.76.109.179
486	Marshal	Josefer	mjoseferdh@newyorker.com	Male	203.120.12.94
487	Gertrudis	Nelhams	gnelhamsdi@arizona.edu	Female	119.64.10.142
488	Orran	Conradsen	oconradsendj@loc.gov	Male	145.97.243.157
489	Egor	Sangwine	esangwinedk@comcast.net	Male	224.132.14.113
490	Arne	Covendon	acovendondl@domainmarket.com	Male	69.48.156.15
491	Harmony	Arger	hargerdm@ft.com	Female	151.3.204.90
492	Freda	Fullard	ffullarddn@ed.gov	Female	4.145.57.180
493	Dwight	Strathearn	dstrathearndo@google.ca	Male	208.51.132.53
494	Barbara	Bygreaves	bbygreavesdp@hexun.com	Female	105.234.105.108
495	Alvira	Geyton	ageytondq@umn.edu	Female	255.189.224.231
496	Andros	Kebell	akebelldr@artisteer.com	Male	246.249.180.124
497	Kessiah	Leward	klewardds@plala.or.jp	Female	241.151.199.117
498	Timofei	Yuryatin	tyuryatindt@elegantthemes.com	Male	254.40.217.25
499	Brander	Cudihy	bcudihydu@hubpages.com	Male	31.78.82.125
500	Katerine	Cristoferi	kcristoferidv@walmart.com	Female	157.105.127.194
501	Hadleigh	Prisk	hpriskdw@creativecommons.org	Male	18.136.104.117
502	Hillie	Ebbitt	hebbittdx@skype.com	Male	249.135.251.250
503	Ulick	McQuorkell	umcquorkelldy@seesaa.net	Male	220.169.55.29
504	Inger	Raoux	iraouxdz@aol.com	Male	38.102.179.223
505	Tremain	Roswarn	troswarne0@google.it	Male	9.176.228.72
506	Lorenza	Caddy	lcaddye1@paypal.com	Female	247.95.193.132
507	Feodora	Teresi	fteresie2@netlog.com	Female	233.216.24.98
508	Gerri	Devote	gdevotee3@youtube.com	Male	23.117.48.100
509	Sonni	Bumfrey	sbumfreye4@prweb.com	Female	135.141.93.147
510	Cal	Kelberer	ckelberere5@pagesperso-orange.fr	Female	165.128.100.56
511	Tildy	Sterrie	tsterriee6@unblog.fr	Female	220.138.33.109
512	Madelin	Limrick	mlimricke7@fema.gov	Female	248.208.45.118
513	Ingeberg	Putnam	iputname8@oracle.com	Female	71.60.11.241
514	Waylan	Ravenhills	wravenhillse9@google.nl	Male	83.233.69.205
515	Sax	Fabry	sfabryea@hugedomains.com	Male	174.156.76.167
516	Alair	Huriche	ahuricheeb@issuu.com	Male	103.181.8.38
517	Nata	Zuanelli	nzuanelliec@wordpress.com	Female	201.13.220.93
518	Linc	Buckeridge	lbuckeridgeed@slate.com	Male	80.90.239.69
519	Laryssa	MacCole	lmaccoleee@topsy.com	Female	222.164.95.44
520	Raddie	Walkington	rwalkingtonef@ow.ly	Male	251.2.39.77
521	Merrel	Dalinder	mdalindereg@csmonitor.com	Male	85.61.140.122
522	Rycca	Cottier	rcottiereh@skyrock.com	Female	227.191.137.71
523	Auria	Candie	acandieei@twitter.com	Female	85.242.221.179
524	Edouard	Titterton	etittertonej@nbcnews.com	Male	66.143.47.235
525	Shaughn	Etty	settyek@youtube.com	Male	5.250.189.134
526	Adah	Brockman	abrockmanel@exblog.jp	Female	119.170.10.194
527	Pincas	Clowley	pclowleyem@github.io	Male	237.117.83.159
528	Kerri	De Caville	kdecavilleen@buzzfeed.com	Female	229.3.109.31
529	Burnard	Krochmann	bkrochmanneo@digg.com	Male	29.228.2.73
530	Rickard	Harrald	rharraldep@usda.gov	Male	61.191.159.91
531	Jackqueline	Mattityahou	jmattityahoueq@addthis.com	Female	25.139.126.215
532	Alon	Shimwell	ashimweller@hao123.com	Male	2.225.244.192
533	Gabby	Makey	gmakeyes@issuu.com	Male	188.12.57.8
534	Jodi	Giacometti	jgiacomettiet@nps.gov	Female	143.66.70.104
535	Jessalyn	Deeprose	jdeeproseeu@discovery.com	Female	223.35.5.41
536	Latrina	Alden	laldenev@bbc.co.uk	Female	192.74.102.88
537	Ronnie	Garrod	rgarrodew@opensource.org	Male	93.27.29.121
538	Haroun	Stanmore	hstanmoreex@businessweek.com	Male	151.218.77.35
539	Tommy	Cranmore	tcranmoreey@yolasite.com	Female	123.247.193.187
540	Gretta	Gilbody	ggilbodyez@statcounter.com	Female	96.151.52.84
541	Linn	Friskey	lfriskeyf0@diigo.com	Female	88.49.78.90
542	Quinn	Brack	qbrackf1@loc.gov	Female	156.95.21.104
543	Pip	Cornill	pcornillf2@tinyurl.com	Male	198.38.139.155
544	Bertine	Mattityahou	bmattityahouf3@yale.edu	Female	120.209.159.231
545	Samuel	Echallie	sechallief4@mtv.com	Male	157.196.180.138
546	Delilah	Jennings	djenningsf5@yandex.ru	Female	99.30.157.194
547	Katine	Row	krowf6@go.com	Female	111.18.218.113
548	Chaddie	Licciardiello	clicciardiellof7@msn.com	Male	119.205.221.97
549	Tammie	Kenion	tkenionf8@webnode.com	Male	110.5.145.242
550	Faith	Apedaile	fapedailef9@stumbleupon.com	Female	162.215.198.5
551	Shane	Thaxter	sthaxterfa@who.int	Female	69.155.111.221
552	Ammamaria	Burry	aburryfb@paypal.com	Female	140.255.218.233
553	Oralie	Ofen	oofenfc@rediff.com	Female	190.192.41.166
554	Edie	Konzelmann	ekonzelmannfd@stumbleupon.com	Female	151.228.13.230
555	Putnam	Heddy	pheddyfe@arizona.edu	Male	23.243.37.142
556	Bertrando	Drillot	bdrillotff@squidoo.com	Male	3.132.144.17
557	Obadiah	Allkins	oallkinsfg@sitemeter.com	Male	113.245.60.57
558	Cecil	Wheelhouse	cwheelhousefh@newsvine.com	Male	84.131.190.226
559	Doti	Maulkin	dmaulkinfi@earthlink.net	Female	39.74.66.117
560	Osgood	Mallinson	omallinsonfj@1688.com	Male	70.210.126.229
561	Hugues	Bisson	hbissonfk@usa.gov	Male	48.81.174.137
562	Nicol	Khan	nkhanfl@soup.io	Female	245.215.79.34
563	Karin	MacGrath	kmacgrathfm@woothemes.com	Female	17.180.212.236
564	Caria	Bicker	cbickerfn@cbslocal.com	Female	219.113.31.2
565	Layney	Riddeough	lriddeoughfo@narod.ru	Female	193.163.30.179
566	Daveta	Bage	dbagefp@free.fr	Female	179.53.107.7
567	Moira	Jobbings	mjobbingsfq@google.co.jp	Female	15.138.194.226
568	Vito	Brilon	vbrilonfr@fda.gov	Male	200.62.194.236
569	Chen	Connock	cconnockfs@patch.com	Male	174.247.188.242
570	Nikola	Wicks	nwicksft@disqus.com	Male	167.252.145.178
571	Travers	Tivenan	ttivenanfu@imageshack.us	Male	247.75.189.198
572	Hershel	Burril	hburrilfv@taobao.com	Male	70.13.217.181
573	Carolin	Stack	cstackfw@storify.com	Female	41.85.219.50
574	Man	Strick	mstrickfx@shareasale.com	Male	120.67.151.116
575	Chaddie	Walesby	cwalesbyfy@wsj.com	Male	113.181.170.69
576	Carena	Drayton	cdraytonfz@washingtonpost.com	Female	66.96.6.71
577	Orlan	Glas	oglasg0@rambler.ru	Male	161.79.168.199
578	Delainey	Allsebrook	dallsebrookg1@naver.com	Male	154.239.108.55
579	Guenevere	Lemin	gleming2@fotki.com	Female	148.144.245.158
580	Eunice	Mendenhall	emendenhallg3@si.edu	Female	166.57.241.189
581	Marcellus	Haycox	mhaycoxg4@wisc.edu	Male	137.237.8.113
582	Olympie	Jacquest	ojacquestg5@aboutads.info	Female	61.229.0.17
583	Marya	Hasnney	mhasnneyg6@cpanel.net	Female	142.42.227.50
584	Norbie	McLaughlin	nmclaughling7@ucsd.edu	Male	180.12.245.66
585	Babita	Milington	bmilingtong8@nasa.gov	Female	242.213.12.10
586	Jay	Hefferon	jhefferong9@marketwatch.com	Male	100.169.144.202
587	Germana	Burling	gburlingga@chron.com	Female	139.219.70.55
588	Madlen	Fitzsimmons	mfitzsimmonsgb@unc.edu	Female	238.206.145.112
589	Eadith	Sephton	esephtongc@merriam-webster.com	Female	219.56.39.29
590	Yuma	Dignam	ydignamgd@virginia.edu	Male	232.199.153.69
591	Nikolaos	Reay	nreayge@csmonitor.com	Male	167.129.101.39
592	Fair	Gauchier	fgauchiergf@nbcnews.com	Male	6.145.86.246
593	Munroe	Last	mlastgg@disqus.com	Male	183.134.167.6
594	Winnie	Sparrowe	wsparrowegh@51.la	Male	219.69.236.193
595	Maddalena	McDaid	mmcdaidgi@topsy.com	Female	177.223.89.149
596	Quintana	Di Maggio	qdimaggiogj@purevolume.com	Female	54.221.237.126
597	Harp	Juste	hjustegk@google.nl	Male	26.42.18.38
598	Heywood	Ikin	hikingl@tamu.edu	Male	170.185.87.76
599	Ginny	Musso	gmussogm@cafepress.com	Female	59.39.107.55
600	Wait	Wollrauch	wwollrauchgn@cdbaby.com	Male	137.26.254.60
601	Verile	Drinkwater	vdrinkwatergo@ycombinator.com	Female	232.237.105.121
602	Marcelline	Temporal	mtemporalgp@simplemachines.org	Female	164.247.252.184
603	Ermanno	Neeves	eneevesgq@nature.com	Male	38.220.116.44
604	Lynnet	Hiland	lhilandgr@xrea.com	Female	231.64.38.145
605	Clement	Hargreaves	chargreavesgs@list-manage.com	Male	17.180.27.35
606	Kahlil	Prettyjohn	kprettyjohngt@wp.com	Male	193.50.73.181
607	Terra	Risbridger	trisbridgergu@devhub.com	Female	222.51.254.146
608	Luci	Botly	lbotlygv@icio.us	Female	3.172.15.46
609	Clevey	Utridge	cutridgegw@pinterest.com	Male	250.71.160.118
610	Annora	Haworth	ahaworthgx@elegantthemes.com	Female	154.132.10.147
611	Ailee	Gilyatt	agilyattgy@columbia.edu	Female	41.186.223.108
612	Beverie	Hrishanok	bhrishanokgz@dailymotion.com	Female	59.93.148.137
613	Ahmad	Lindenbluth	alindenbluthh0@buzzfeed.com	Male	72.244.94.154
614	Edmund	Concklin	econcklinh1@twitter.com	Male	212.104.190.118
615	Thea	Rodenburgh	trodenburghh2@zimbio.com	Female	93.1.129.28
616	Andros	Attyeo	aattyeoh3@foxnews.com	Male	65.210.195.131
617	Valentine	Skinner	vskinnerh4@cnn.com	Male	85.62.120.191
618	Randene	McNirlan	rmcnirlanh5@freewebs.com	Female	174.4.21.66
619	Rorke	Torpie	rtorpieh6@wufoo.com	Male	89.85.119.250
620	Arleyne	Donnersberg	adonnersbergh7@wikipedia.org	Female	255.80.217.112
621	Ferne	Child	fchildh8@arstechnica.com	Female	190.241.241.0
622	Ilka	Charpin	icharpinh9@deviantart.com	Female	72.28.66.174
623	Kirbie	Lowell	klowellha@simplemachines.org	Female	32.17.90.237
624	Laurie	Bamsey	lbamseyhb@cdbaby.com	Female	109.71.194.64
625	Cheston	Charpling	ccharplinghc@apple.com	Male	197.249.5.246
626	Joyous	Eden	jedenhd@unicef.org	Female	107.80.190.115
627	Rubia	Ough	roughhe@storify.com	Female	203.83.204.237
628	Marie-ann	McCurtain	mmccurtainhf@scientificamerican.com	Female	169.119.223.241
629	Leontyne	Pinner	lpinnerhg@shutterfly.com	Female	70.194.136.202
630	Erich	Canto	ecantohh@businessinsider.com	Male	115.60.167.51
631	Johnathan	Jedrzejczyk	jjedrzejczykhi@twitter.com	Male	31.109.1.167
632	Klemens	Plett	kpletthj@goo.gl	Male	158.25.36.157
633	Galven	Hatchell	ghatchellhk@imageshack.us	Male	23.68.218.99
634	Christin	Vyel	cvyelhl@deviantart.com	Female	243.224.215.62
635	Neilla	Gluyas	ngluyashm@behance.net	Female	109.54.65.99
636	Minni	MacLleese	mmaclleesehn@is.gd	Female	188.102.33.163
637	Huntington	Feifer	hfeiferho@google.co.jp	Male	75.246.252.175
638	Fielding	Treske	ftreskehp@sakura.ne.jp	Male	52.7.55.96
639	Lyndsay	Oaten	loatenhq@japanpost.jp	Female	253.140.237.11
640	Haskell	Langsdon	hlangsdonhr@example.com	Male	105.243.105.51
641	Zorana	Barrie	zbarriehs@webnode.com	Female	7.73.174.232
642	Lynnette	Streight	lstreightht@pinterest.com	Female	220.251.13.233
643	Cris	Budcock	cbudcockhu@last.fm	Male	167.76.35.88
644	Felecia	Scarsbrick	fscarsbrickhv@edublogs.org	Female	28.90.183.109
645	Stephen	Vokes	svokeshw@webs.com	Male	178.236.253.68
646	Zea	Slaten	zslatenhx@narod.ru	Female	86.15.50.76
647	Ardine	Clowley	aclowleyhy@1und1.de	Female	185.80.215.27
648	Herve	Dunton	hduntonhz@slideshare.net	Male	170.230.73.223
649	Meryl	Sposito	mspositoi0@ftc.gov	Male	26.230.20.168
650	Yulma	Attril	yattrili1@over-blog.com	Male	195.63.109.58
651	Torrin	Craythorne	tcraythornei2@e-recht24.de	Male	166.33.215.76
652	Gannie	Suston	gsustoni3@bizjournals.com	Male	248.216.103.244
653	Linnell	McRitchie	lmcritchiei4@ihg.com	Female	173.206.151.45
654	Pammi	Chastang	pchastangi5@elegantthemes.com	Female	146.205.168.96
655	Isaak	Dabbs	idabbsi6@businessinsider.com	Male	10.19.251.162
656	Bord	Swadlen	bswadleni7@multiply.com	Male	53.226.215.216
657	Redd	Chown	rchowni8@drupal.org	Male	36.78.142.176
658	Domingo	Abbyss	dabbyssi9@cloudflare.com	Male	227.155.102.31
659	Amory	Attree	aattreeia@qq.com	Male	5.31.14.111
660	Wit	Beatty	wbeattyib@hexun.com	Male	214.99.86.132
661	Nolie	Hummerston	nhummerstonic@wikimedia.org	Female	205.69.185.249
662	Tobiah	Karus	tkarusid@e-recht24.de	Male	221.196.74.158
663	Denys	Spoors	dspoorsie@godaddy.com	Female	8.28.75.44
664	Ricki	Deniso	rdenisoif@time.com	Male	195.210.119.243
665	Madelena	Renyard	mrenyardig@ameblo.jp	Female	229.79.68.74
666	Culver	Denisyuk	cdenisyukih@phpbb.com	Male	115.36.138.29
667	Elijah	Vater	evaterii@narod.ru	Male	192.181.187.162
668	Haydon	Wakes	hwakesij@google.ru	Male	17.220.31.53
669	Blaine	Sancias	bsanciasik@flickr.com	Male	173.228.45.23
670	Fannie	Branton	fbrantonil@ifeng.com	Female	59.55.148.30
671	Kirsten	Melding	kmeldingim@php.net	Female	134.61.223.221
672	Darby	Memmory	dmemmoryin@studiopress.com	Male	98.202.186.167
673	Des	McNirlan	dmcnirlanio@google.de	Male	175.160.43.104
674	Gerry	Panton	gpantonip@rakuten.co.jp	Female	8.111.152.218
675	Dody	Mattaus	dmattausiq@cbsnews.com	Female	56.247.29.114
676	Lissi	Coo	lcooir@shinystat.com	Female	106.194.145.193
677	Rasia	Reeks	rreeksis@spotify.com	Female	194.46.239.109
678	Lonny	Gorringe	lgorringeit@state.gov	Male	69.125.200.222
679	Rodge	Cholomin	rcholominiu@netvibes.com	Male	37.72.233.255
680	Serge	Geikie	sgeikieiv@desdev.cn	Male	132.122.124.166
681	Mariam	Damiral	mdamiraliw@bluehost.com	Female	202.111.124.185
682	Dawn	Cordey	dcordeyix@rakuten.co.jp	Female	80.73.252.11
683	Thorin	Androsik	tandrosikiy@tripadvisor.com	Male	62.170.58.81
684	Wittie	Pendrigh	wpendrighiz@storify.com	Male	113.81.140.230
685	Inesita	McGibbon	imcgibbonj0@yahoo.co.jp	Female	212.139.31.173
686	Tan	Dunniom	tdunniomj1@ustream.tv	Male	75.122.165.117
687	Shea	Shuxsmith	sshuxsmithj2@cmu.edu	Male	22.193.11.10
688	Isac	Crockatt	icrockattj3@marketwatch.com	Male	216.207.239.62
689	Mikey	Sacker	msackerj4@quantcast.com	Male	175.222.187.240
690	Willard	Aslet	wasletj5@usatoday.com	Male	44.188.214.51
691	Dominick	Cruden	dcrudenj6@dmoz.org	Male	126.88.50.14
692	Barbe	Linthead	blintheadj7@businesswire.com	Female	183.91.139.207
693	Conan	Pye	cpyej8@bloomberg.com	Male	156.93.169.142
694	Colby	Tarborn	ctarbornj9@rediff.com	Male	142.206.72.176
695	Olympe	Valde	ovaldeja@amazon.co.jp	Female	149.39.207.182
696	Davita	Mityukov	dmityukovjb@miibeian.gov.cn	Female	10.83.32.179
697	Clemente	McGee	cmcgeejc@va.gov	Male	70.215.226.206
698	Kizzie	Robecon	krobeconjd@netlog.com	Female	62.60.213.161
699	Katlin	Bustin	kbustinje@time.com	Female	144.43.143.245
700	Shanda	Oakhill	soakhilljf@google.com.hk	Female	57.250.126.117
701	Sheelah	Milan	smilanjg@sciencedirect.com	Female	138.152.125.19
702	Sholom	Lamminam	slamminamjh@nsw.gov.au	Male	152.136.73.51
703	Gasper	Tedorenko	gtedorenkoji@yelp.com	Male	185.130.75.240
704	Corinne	Rosoman	crosomanjj@fc2.com	Female	29.100.235.110
705	Gradeigh	Pitkeathly	gpitkeathlyjk@theglobeandmail.com	Male	99.113.155.213
706	Meade	Joincey	mjoinceyjl@cdc.gov	Male	27.177.224.109
707	Price	Redier	predierjm@usgs.gov	Male	89.58.56.187
708	Isadora	Kennewell	ikennewelljn@skype.com	Female	63.100.195.24
709	Athena	Batisse	abatissejo@arizona.edu	Female	108.118.111.241
710	Marlin	Elfleet	melfleetjp@jalbum.net	Male	77.41.228.146
711	Fred	Martyns	fmartynsjq@hhs.gov	Male	135.250.135.1
712	Dorrie	Larvor	dlarvorjr@mashable.com	Female	24.177.160.101
713	Garrick	Rodear	grodearjs@independent.co.uk	Male	129.221.192.9
714	Dareen	Beverage	dbeveragejt@prnewswire.com	Female	79.21.64.115
715	Desmond	Chantrell	dchantrellju@redcross.org	Male	56.132.129.209
716	Thorn	Tring	ttringjv@ucla.edu	Male	172.105.131.36
717	Killie	Rolstone	krolstonejw@macromedia.com	Male	76.68.215.194
718	Cristin	MacPake	cmacpakejx@tuttocitta.it	Female	111.247.158.230
719	Berta	Tempest	btempestjy@unblog.fr	Female	8.65.139.241
720	Michal	Pellissier	mpellissierjz@sakura.ne.jp	Male	210.98.205.73
721	Loni	Silverstone	lsilverstonek0@privacy.gov.au	Female	252.76.47.57
722	Basil	Norvel	bnorvelk1@whitehouse.gov	Male	170.66.205.59
723	Lucie	Charer	lcharerk2@youtu.be	Female	149.89.148.101
724	Neville	Dome	ndomek3@yahoo.co.jp	Male	75.195.217.173
725	Bobbi	Illes	billesk4@dyndns.org	Female	40.38.190.249
726	Augustine	Liddall	aliddallk5@nih.gov	Female	11.80.42.101
727	Tudor	Pren	tprenk6@state.gov	Male	4.187.189.103
728	Elisa	Chaffer	echafferk7@soup.io	Female	38.180.27.223
729	Karlene	Bilyard	kbilyardk8@arstechnica.com	Female	186.125.30.223
730	Powell	Dumper	pdumperk9@nsw.gov.au	Male	92.192.96.67
731	Herold	Iacovuzzi	hiacovuzzika@arstechnica.com	Male	163.7.46.225
732	Suzette	Henzley	shenzleykb@admin.ch	Female	150.1.75.84
733	Arvie	Pudge	apudgekc@xinhuanet.com	Male	197.113.85.185
734	Wallie	Tierney	wtierneykd@arstechnica.com	Male	205.128.70.30
735	Arvin	Cranage	acranageke@edublogs.org	Male	162.84.30.23
736	Shelby	Sheehan	ssheehankf@twitter.com	Male	87.183.199.170
737	Michael	Tax	mtaxkg@google.co.jp	Male	61.89.121.156
738	Tallia	Clohessy	tclohessykh@about.me	Female	192.28.26.192
739	Madelin	Falkus	mfalkuski@apache.org	Female	167.218.236.214
740	Maxy	Berston	mberstonkj@amazonaws.com	Male	38.16.52.220
741	Tabbie	Confait	tconfaitkk@amazon.co.uk	Female	209.255.245.14
742	Mikkel	Wessell	mwessellkl@so-net.ne.jp	Male	207.128.157.248
743	Dane	Cockshtt	dcockshttkm@flavors.me	Male	108.250.228.193
744	Chane	Cabrara	ccabrarakn@uol.com.br	Male	235.72.7.207
745	Olly	Sammon	osammonko@google.it	Male	162.102.230.226
746	Hollis	McCardle	hmccardlekp@amazon.co.uk	Male	114.0.182.177
747	Channa	Matessian	cmatessiankq@time.com	Female	8.113.39.167
748	Katalin	Reven	krevenkr@multiply.com	Female	65.113.45.165
749	Andros	Cuskery	acuskeryks@bing.com	Male	85.55.173.126
750	Adena	Fielding	afieldingkt@weebly.com	Female	152.9.176.246
751	Forster	Abeau	fabeauku@blogspot.com	Male	14.113.224.53
752	Carin	Trow	ctrowkv@apache.org	Female	51.15.69.19
753	Ignacius	Varty	ivartykw@uol.com.br	Male	99.21.71.215
754	Hughie	Kolis	hkoliskx@senate.gov	Male	130.125.164.79
755	Averyl	Frays	afraysky@wufoo.com	Female	69.203.24.226
756	Frazer	Whellans	fwhellanskz@wix.com	Male	36.243.166.84
757	Harmony	Weatherburn	hweatherburnl0@home.pl	Female	105.148.34.75
758	Doro	Manhare	dmanharel1@army.mil	Female	174.161.108.123
759	Lexine	Jepps	ljeppsl2@simplemachines.org	Female	222.189.207.50
760	Willa	Emps	wempsl3@skyrock.com	Female	24.85.133.114
761	Flory	Dunnaway	fdunnawayl4@redcross.org	Male	89.183.118.221
762	Marvin	Aleksandrikin	maleksandrikinl5@constantcontact.com	Male	183.226.92.174
763	Ransom	Crannis	rcrannisl6@shop-pro.jp	Male	125.151.55.148
764	Katinka	Sagar	ksagarl7@mediafire.com	Female	41.10.4.63
765	Rosabelle	Vinton	rvintonl8@who.int	Female	150.1.163.22
766	Torie	Amy	tamyl9@goo.ne.jp	Female	219.102.101.74
767	Una	Biggadyke	ubiggadykela@ihg.com	Female	56.153.113.191
768	Claiborne	Bowmen	cbowmenlb@eepurl.com	Male	22.169.183.81
769	Raphael	Randalston	rrandalstonlc@jigsy.com	Male	172.206.33.137
770	Cathleen	Dwelling	cdwellingld@pinterest.com	Female	104.161.234.140
771	Madeleine	Tixier	mtixierle@jimdo.com	Female	211.210.213.68
772	Sanders	Martinello	smartinellolf@netvibes.com	Male	192.81.22.178
773	Brinn	Edser	bedserlg@statcounter.com	Female	218.137.86.119
774	Paulie	Roughey	prougheylh@shutterfly.com	Female	166.31.86.207
775	Alexandr	Sellor	asellorli@ft.com	Male	153.18.121.11
776	Rhetta	Giffin	rgiffinlj@nytimes.com	Female	87.56.4.187
777	Stearne	Helian	shelianlk@umich.edu	Male	221.114.40.219
778	Noble	Bedo	nbedoll@cam.ac.uk	Male	248.76.201.28
779	Tabatha	Loughnan	tloughnanlm@icq.com	Female	149.217.171.121
780	Georgie	Rymour	grymourln@flavors.me	Male	123.132.166.197
781	Kimberlee	Sarsons	ksarsonslo@mail.ru	Female	49.54.147.139
782	Tierney	Carrick	tcarricklp@goo.ne.jp	Female	192.127.35.4
783	Skylar	Scrauniage	sscrauniagelq@alexa.com	Male	64.245.32.253
784	Constancy	Hamley	chamleylr@google.com	Female	188.110.35.117
785	Amos	Langlands	alanglandsls@csmonitor.com	Male	20.22.231.35
786	Pansie	Scranney	pscranneylt@bravesites.com	Female	35.5.119.86
787	Devlen	MacParlan	dmacparlanlu@mapy.cz	Male	204.201.213.125
788	Loralyn	Sumpton	lsumptonlv@flickr.com	Female	233.62.4.107
789	Sande	Kinsell	skinselllw@networksolutions.com	Female	235.128.79.96
790	Marcy	Ivashin	mivashinlx@dedecms.com	Female	80.5.21.96
791	Dodi	McKelvey	dmckelveyly@fema.gov	Female	77.153.81.90
792	Selestina	Noah	snoahlz@pagesperso-orange.fr	Female	254.206.165.239
793	Belinda	Newstead	bnewsteadm0@dedecms.com	Female	76.98.17.226
794	Gran	Allworthy	gallworthym1@ameblo.jp	Male	162.238.255.101
795	Sidonia	Housam	shousamm2@reference.com	Female	156.150.103.21
796	Vonny	Ker	vkerm3@businessinsider.com	Female	190.103.76.125
797	Sallie	Gudge	sgudgem4@yandex.ru	Female	91.13.250.178
798	Essy	Finden	efindenm5@zdnet.com	Female	214.82.47.150
799	Mead	Walthall	mwalthallm6@usgs.gov	Female	191.31.74.12
800	Sal	Emig	semigm7@bloomberg.com	Male	31.243.128.248
801	Carlee	Winnard	cwinnardm8@spiegel.de	Female	146.155.170.159
802	Hugues	Elcy	helcym9@google.it	Male	200.236.238.76
803	Leelah	Yuryshev	lyuryshevma@gravatar.com	Female	62.152.233.181
804	Tate	Filon	tfilonmb@ucsd.edu	Female	232.123.7.84
805	Adrian	Summerhayes	asummerhayesmc@nsw.gov.au	Male	71.143.131.96
806	Ilyse	Kopfer	ikopfermd@macromedia.com	Female	6.216.94.247
807	Lindy	Iohananof	liohananofme@123-reg.co.uk	Male	85.161.74.7
808	Hettie	Carlesi	hcarlesimf@addtoany.com	Female	35.65.83.111
809	Clare	Sessuns	csessunsmg@tinyurl.com	Male	25.165.144.146
810	James	Commander	jcommandermh@google.com.au	Male	154.107.29.241
811	Stinky	Kinchlea	skinchleami@amazon.com	Male	193.132.115.180
812	Arline	Standbrook	astandbrookmj@mashable.com	Female	11.58.50.243
813	Gilda	Bolding	gboldingmk@addtoany.com	Female	98.203.246.245
814	Damara	Larmett	dlarmettml@dyndns.org	Female	127.206.171.114
815	Cyril	Spohr	cspohrmm@home.pl	Male	39.249.108.159
816	Sasha	Andrus	sandrusmn@yelp.com	Male	73.188.252.148
817	Trudy	Blinde	tblindemo@msn.com	Female	246.188.162.255
818	Anabella	Beseke	abesekemp@slideshare.net	Female	159.23.28.156
819	Glori	Livingston	glivingstonmq@washingtonpost.com	Female	248.38.162.118
820	Claribel	Rikkard	crikkardmr@thetimes.co.uk	Female	169.191.24.152
821	Wesley	Steiner	wsteinerms@sourceforge.net	Male	9.104.191.142
822	Izak	Donkersley	idonkersleymt@nifty.com	Male	235.192.37.95
823	Stacia	Heak	sheakmu@squidoo.com	Female	224.45.29.140
824	Melesa	Layfield	mlayfieldmv@wix.com	Female	233.47.101.133
825	Inglebert	Broschek	ibroschekmw@xing.com	Male	85.244.26.200
826	Adore	Gradly	agradlymx@gnu.org	Female	236.165.249.240
827	Nicola	Meynell	nmeynellmy@scientificamerican.com	Female	118.239.90.1
828	Torrie	Newbatt	tnewbattmz@wix.com	Female	76.34.93.217
829	Niles	Marmion	nmarmionn0@symantec.com	Male	251.64.10.251
830	Teodoro	Windrus	twindrusn1@paginegialle.it	Male	175.118.19.216
831	Desi	Lufkin	dlufkinn2@vimeo.com	Male	192.197.88.44
832	Zack	Larvor	zlarvorn3@newsvine.com	Male	46.235.145.199
833	Brit	Boorn	bboornn4@pen.io	Male	153.88.41.158
834	Guss	Piolli	gpiollin5@utexas.edu	Male	229.86.198.231
835	Cornela	O'Connel	coconneln6@nhs.uk	Female	162.178.34.128
836	Georgi	Oxlee	goxleen7@bloglines.com	Male	36.136.131.15
837	Elyssa	Bold	eboldn8@instagram.com	Female	204.125.29.138
838	Berke	Pow	bpown9@issuu.com	Male	209.35.20.173
839	Lemmie	Renols	lrenolsna@networksolutions.com	Male	108.184.212.235
840	Simona	Chasteney	schasteneynb@mediafire.com	Female	5.24.59.224
841	Sonny	Dinnis	sdinnisnc@people.com.cn	Male	45.32.48.112
842	Jarred	Van Waadenburg	jvanwaadenburgnd@vimeo.com	Male	240.60.55.73
843	Laurie	Jepps	ljeppsne@booking.com	Male	4.89.163.88
844	Sholom	Coppen	scoppennf@list-manage.com	Male	88.23.57.66
845	Frasier	Keymar	fkeymarng@bloglovin.com	Male	224.236.185.3
846	Taite	Wroath	twroathnh@flavors.me	Male	234.81.1.14
847	Leonardo	Wollen	lwollenni@dmoz.org	Male	21.5.203.5
848	Bond	Koles	bkolesnj@cocolog-nifty.com	Male	248.4.18.77
849	Marji	Basile	mbasilenk@php.net	Female	241.158.238.149
850	Zebedee	Slatcher	zslatchernl@businessweek.com	Male	120.167.179.210
851	Donavon	Davidovsky	ddavidovskynm@nature.com	Male	181.240.135.180
852	Cole	Pasterfield	cpasterfieldnn@ning.com	Male	125.198.88.59
853	Eran	Hewins	ehewinsno@ning.com	Female	183.213.88.219
854	Alister	Knock	aknocknp@nymag.com	Male	112.115.207.84
855	Zulema	Sibylla	zsibyllanq@mashable.com	Female	44.85.106.219
856	Salomo	Gittins	sgittinsnr@a8.net	Male	86.243.90.36
857	Aubry	Child	achildns@vk.com	Female	246.220.183.222
858	Myrtle	Monkley	mmonkleynt@amazonaws.com	Female	25.200.138.158
859	Starr	Harbin	sharbinnu@illinois.edu	Female	148.100.88.75
860	Mirella	Kyrkeman	mkyrkemannv@irs.gov	Female	137.20.218.71
861	Bess	Forrestill	bforrestillnw@ucla.edu	Female	23.175.128.59
862	Ravid	Cheek	rcheeknx@state.gov	Male	34.187.66.25
863	Joya	Shewring	jshewringny@cyberchimps.com	Female	254.131.242.74
864	Theodoric	Sarginson	tsarginsonnz@pbs.org	Male	199.189.42.231
865	Clevie	Tenney	ctenneyo0@ebay.co.uk	Male	0.112.50.213
866	Florrie	Duckering	fduckeringo1@patch.com	Female	6.145.133.178
867	Grove	Langcaster	glangcastero2@facebook.com	Male	101.183.227.84
868	Linus	Bratty	lbrattyo3@webeden.co.uk	Male	175.186.93.4
869	Valentin	Ruthven	vruthveno4@cbslocal.com	Male	195.94.243.223
870	Joey	Harrismith	jharrismitho5@rambler.ru	Male	167.68.22.8
871	Zitella	Huske	zhuskeo6@gov.uk	Female	87.147.102.250
872	Claire	Kubis	ckubiso7@discuz.net	Male	174.32.144.26
873	Brew	Witton	bwittono8@amazon.co.uk	Male	52.16.54.24
874	Jory	Durtnell	jdurtnello9@geocities.jp	Male	204.201.21.159
875	Mallory	Blackey	mblackeyoa@howstuffworks.com	Female	71.81.92.46
876	Bent	Goldwater	bgoldwaterob@indiegogo.com	Male	5.26.180.104
877	Tressa	Maruszewski	tmaruszewskioc@mlb.com	Female	116.23.7.207
878	Josephina	Ruzic	jruzicod@upenn.edu	Female	102.170.135.65
879	Corri	Silverman	csilvermanoe@mysql.com	Female	222.232.42.187
880	Corette	Willsmore	cwillsmoreof@state.gov	Female	171.71.1.148
881	Winthrop	Greenhouse	wgreenhouseog@mashable.com	Male	221.69.153.61
882	Mady	Nappin	mnappinoh@patch.com	Female	92.83.143.183
883	Curt	Flower	cfloweroi@soundcloud.com	Male	234.85.75.181
884	Brigham	Moyne	bmoyneoj@gov.uk	Male	93.250.54.245
885	Letitia	Tipton	ltiptonok@loc.gov	Female	39.11.124.91
886	Kelci	Bothram	kbothramol@bigcartel.com	Female	5.66.213.83
887	Leonard	Russan	lrussanom@homestead.com	Male	46.139.92.190
888	Fey	Whitland	fwhitlandon@skyrock.com	Female	253.103.227.49
889	Zaccaria	Grimolbie	zgrimolbieoo@devhub.com	Male	55.67.111.78
890	Harli	Jansens	hjansensop@pagesperso-orange.fr	Female	75.203.197.137
891	Amandie	Wainer	awaineroq@angelfire.com	Female	35.89.229.237
892	Grata	Phibb	gphibbor@washington.edu	Female	54.13.175.21
893	Jason	Arran	jarranos@accuweather.com	Male	86.43.5.81
894	Mariam	Jenken	mjenkenot@360.cn	Female	43.63.68.67
895	Nathanil	Rea	nreaou@hao123.com	Male	51.254.129.128
896	Jerrold	Luxmoore	jluxmooreov@jigsy.com	Male	9.68.231.13
897	Monti	Childrens	mchildrensow@dailymail.co.uk	Male	59.145.122.127
898	Thornie	Charnick	tcharnickox@ed.gov	Male	237.215.160.144
899	Thedrick	Gouldbourn	tgouldbournoy@foxnews.com	Male	82.213.174.148
900	Elvina	Annis	eannisoz@craigslist.org	Female	147.2.96.120
901	Kayne	Monaghan	kmonaghanp0@github.io	Male	90.227.181.145
902	Mendie	Cosens	mcosensp1@de.vu	Male	2.194.42.100
903	Debra	Chirm	dchirmp2@uiuc.edu	Female	90.163.186.122
904	Danell	Starie	dstariep3@google.es	Female	177.98.179.228
905	Antonino	Mitro	amitrop4@cbsnews.com	Male	10.198.34.31
906	Ruthanne	Skarman	rskarmanp5@amazon.co.uk	Female	39.110.12.141
907	Rollin	Negro	rnegrop6@domainmarket.com	Male	161.44.135.34
908	Eldon	Fieller	efiellerp7@spiegel.de	Male	178.57.28.104
909	Gena	Brownsell	gbrownsellp8@ihg.com	Female	190.77.188.220
910	Trix	Raff	traffp9@sakura.ne.jp	Female	70.41.44.55
911	Kaile	MacLaverty	kmaclavertypa@phpbb.com	Female	14.173.126.216
912	Randie	Tattersfield	rtattersfieldpb@multiply.com	Female	165.38.184.235
913	Douglass	Dee	ddeepc@odnoklassniki.ru	Male	47.216.27.71
914	Hunfredo	Pilkington	hpilkingtonpd@hubpages.com	Male	98.134.247.154
915	Riva	Omrod	romrodpe@usgs.gov	Female	181.15.50.103
916	Kerrie	Beedon	kbeedonpf@deviantart.com	Female	201.157.90.195
917	Aarika	Loughney	aloughneypg@auda.org.au	Female	231.226.235.116
918	Gladi	Di Bartolommeo	gdibartolommeoph@ox.ac.uk	Female	166.29.74.197
919	Lindy	Spybey	lspybeypi@theatlantic.com	Male	53.74.226.163
920	Cy	Pichan	cpichanpj@chicagotribune.com	Male	81.92.169.145
921	Kesley	Paxforde	kpaxfordepk@engadget.com	Female	153.131.175.175
922	Giana	Sparshutt	gsparshuttpl@twitter.com	Female	253.173.74.197
923	Kellia	Egarr	kegarrpm@qq.com	Female	114.221.194.39
924	Link	Tully	ltullypn@arstechnica.com	Male	138.71.157.41
925	Adele	Hagland	ahaglandpo@wired.com	Female	46.127.123.116
926	Violette	Beekman	vbeekmanpp@jiathis.com	Female	200.208.223.149
927	Jess	Ellins	jellinspq@last.fm	Male	135.187.248.132
928	Noland	Ofener	nofenerpr@freewebs.com	Male	17.107.255.7
929	Ciel	Ambridge	cambridgeps@buzzfeed.com	Female	181.79.180.134
930	Cirilo	Daw	cdawpt@timesonline.co.uk	Male	86.39.241.247
931	Kit	Biasotti	kbiasottipu@patch.com	Male	121.104.177.106
932	Gabi	Klesel	gkleselpv@utexas.edu	Male	249.152.48.192
933	Delano	Annes	dannespw@cnet.com	Male	134.25.74.209
934	Taddeo	Matushevitz	tmatushevitzpx@rambler.ru	Male	7.150.154.15
935	Allianora	Hamnett	ahamnettpy@admin.ch	Female	125.161.162.199
936	Gusta	Jankiewicz	gjankiewiczpz@pagesperso-orange.fr	Female	183.143.235.35
937	Myrwyn	Sand	msandq0@ow.ly	Male	68.132.45.37
938	Bobbe	Baybutt	bbaybuttq1@forbes.com	Female	76.31.112.83
939	Bidget	Vint	bvintq2@jigsy.com	Female	6.253.137.255
940	Sanders	Croysdale	scroysdaleq3@ucoz.ru	Male	191.176.144.218
941	Elroy	Gerling	egerlingq4@com.com	Male	151.23.18.195
942	Dennie	Dugdale	ddugdaleq5@hostgator.com	Female	236.89.81.212
943	Red	Rignall	rrignallq6@is.gd	Male	4.215.57.214
944	Oralla	Tindle	otindleq7@flickr.com	Female	25.245.219.76
945	Enrika	Maslin	emaslinq8@w3.org	Female	250.181.228.151
946	Kaitlyn	Beadman	kbeadmanq9@princeton.edu	Female	121.164.142.122
947	Rodie	Spencley	rspencleyqa@dmoz.org	Female	28.48.248.120
948	Kerianne	Johannes	kjohannesqb@tinyurl.com	Female	204.53.223.61
949	Evanne	Skoughman	eskoughmanqc@noaa.gov	Female	244.187.231.108
950	Aurore	Thomkins	athomkinsqd@soundcloud.com	Female	229.222.142.96
951	Bernarr	Collum	bcollumqe@nhs.uk	Male	163.22.70.78
952	Audi	De Filippo	adefilippoqf@wix.com	Female	171.149.5.98
953	Rora	Anwell	ranwellqg@columbia.edu	Female	206.160.255.248
954	Ralf	Mersh	rmershqh@geocities.com	Male	50.110.96.3
955	Venus	Hymas	vhymasqi@artisteer.com	Female	50.245.105.45
956	Albertine	Castane	acastaneqj@dailymotion.com	Female	39.248.164.91
957	Clayson	Jalland	cjallandqk@booking.com	Male	242.98.63.24
958	Vidovik	Copner	vcopnerql@edublogs.org	Male	120.104.80.216
959	Jdavie	Beach	jbeachqm@wordpress.com	Male	7.208.71.201
960	Giselle	Franciskiewicz	gfranciskiewiczqn@yandex.ru	Female	237.152.202.71
961	Delaney	Zuann	dzuannqo@amazon.com	Male	139.0.109.144
962	Mildrid	Blight	mblightqp@csmonitor.com	Female	244.176.128.144
963	Staci	Pashby	spashbyqq@narod.ru	Female	53.191.158.121
964	Natty	Farfull	nfarfullqr@netscape.com	Male	102.180.158.37
965	Georg	Wybern	gwybernqs@thetimes.co.uk	Male	24.245.157.161
966	Caresse	Klicher	cklicherqt@tinyurl.com	Female	76.213.84.116
967	Emmit	Sacase	esacasequ@yahoo.co.jp	Male	66.169.69.97
968	Abrahan	Duckit	aduckitqv@wp.com	Male	220.201.133.97
969	Aleta	Sang	asangqw@amazonaws.com	Female	48.186.189.142
970	Perrine	Koubek	pkoubekqx@statcounter.com	Female	83.181.42.121
971	Mireille	Wolfart	mwolfartqy@time.com	Female	111.213.252.154
972	Rebeka	Hirche	rhircheqz@ucsd.edu	Female	245.50.207.201
973	Steffie	Silversmidt	ssilversmidtr0@seesaa.net	Female	185.141.200.124
974	Renata	Frosdick	rfrosdickr1@i2i.jp	Female	35.246.206.144
975	Alisa	MacComiskey	amaccomiskeyr2@zimbio.com	Female	66.108.89.12
976	Andreas	Gooders	agoodersr3@psu.edu	Male	147.244.189.68
977	Cortie	Coughtrey	ccoughtreyr4@jimdo.com	Male	189.115.103.240
978	Esteban	Petrelluzzi	epetrelluzzir5@ed.gov	Male	44.215.90.80
979	Norrie	Meadway	nmeadwayr6@linkedin.com	Female	137.222.27.217
980	Kerr	Lusher	klusherr7@eventbrite.com	Male	135.51.1.157
981	Alford	Gowan	agowanr8@gizmodo.com	Male	209.55.45.211
982	Davidson	Godmer	dgodmerr9@netlog.com	Male	208.169.14.53
983	Paco	Searle	psearlera@geocities.jp	Male	165.120.117.232
984	Claire	Gowry	cgowryrb@wikimedia.org	Male	22.147.140.0
985	Kimbra	Trott	ktrottrc@wordpress.com	Female	194.18.39.25
986	Morgun	Laurenceau	mlaurenceaurd@tripadvisor.com	Male	12.35.89.238
987	Ambrosi	Laroux	alarouxre@usa.gov	Male	213.153.122.254
988	Culver	Christian	cchristianrf@seesaa.net	Male	151.184.222.200
989	Webster	Andriveau	wandriveaurg@pen.io	Male	53.142.197.30
990	Dinny	Talton	dtaltonrh@vinaora.com	Female	116.254.145.12
991	Garrek	Mawford	gmawfordri@furl.net	Male	140.234.225.217
992	Zebadiah	Reppaport	zreppaportrj@vimeo.com	Male	245.248.178.228
993	Renata	Rudloff	rrudloffrk@bandcamp.com	Female	115.60.163.239
994	Fonsie	Harrower	fharrowerrl@sakura.ne.jp	Male	81.65.11.130
995	Mackenzie	Beine	mbeinerm@dailymotion.com	Male	42.28.67.136
996	Pier	Hodgins	phodginsrn@barnesandnoble.com	Female	229.10.84.0
997	Alisun	Bilbee	abilbeero@tinyurl.com	Female	45.5.53.195
998	Irwin	Rigney	irigneyrp@4shared.com	Male	240.185.124.27
999	Vania	Wynrehame	vwynrehamerq@cafepress.com	Female	51.41.214.90
1000	Adams	Overy	aoveryrr@ehow.com	Male	221.117.127.81
